method,track,band,varratio_mean
fmas_raw,gen,0,0.0262070868429924
fmas_raw,gen,1,0.04784033363562695
fmas_raw,gen,2,0.08472028088116662
fmas_raw,gen,3,0.13518149722565787
fmas_raw,gen,4,0.4437978558323419
fmas_raw,val,0,0.02373467163705275
fmas_raw,val,1,0.04621449581423221
fmas_raw,val,2,0.08718082889327294
fmas_raw,val,3,0.16146864935044924
fmas_raw,val,4,0.5598022054183791
dtrak_T100,gen,0,0.0032689266785130996
dtrak_T100,gen,1,0.008890548074981467
dtrak_T100,gen,2,0.02415563394508148
dtrak_T100,gen,3,0.07013506748990063
dtrak_T100,gen,4,0.34123760392532143
dtrak_T100,val,0,0.0023530766108461132
dtrak_T100,val,1,0.008161033755015399
dtrak_T100,val,2,0.023228790262373917
dtrak_T100,val,3,0.06702502134877819
dtrak_T100,val,4,0.3195115264241696
