method	n_test	global_AP	global_Recall_at_200	pool_AP_auxiliary
clip_cos	200	0.10562523695977784	0.12277500000000001	0.24116848354246687
clip_dot	200	0.05624933795555949	0.07412500000000001	0.1870906425762215
das_T100	200	0.22893309159645114	0.251475	0.2798059943902114
dtrak_T100	200	0.2537011577364237	0.269525	0.3039267793145247
grad_cos_T100	200	0.006561802438614217	0.011175000000000001	0.060360793607797
grad_dot_T100	200	0.005581432148535453	0.006475000000000002	0.05535357343089618
pixel_cos	200	0.011739006829547654	0.021075	0.09051790520015013
pixel_dot	200	0.0042113173555905475	0.0009000000000000003	0.04187687467378724
relative_if_T100	200	0.07648432168062562	0.1237	0.1673525506980207
renorm_if_T100	200	0.07299350746159927	0.11572500000000001	0.15907809660925665
trak_T100	200	0.08036781959258939	0.12805	0.1667012106462688
fmas_raw	200	0.27229749823828236	0.29545000000000005	0.3020104015964934
ekfac_if	200	0.2490253688016128	0.27657500000000007	0.27945869132118867
