rank_start,rank_end,queries,samples_per_query,varratio_mean,varratio_median,varratio_min,varratio_max
0,10,16,500,19.70161280128244,20.177340764215153,4.778229673254335,45.00953188114975
10,20,16,500,2.942026498143561,2.887350869444801,0.6710463521395905,8.490412241633557
20,30,16,500,1.035636038893728,0.9589968884459822,0.2522104030097556,2.774975582095907
30,40,16,500,0.5175687940197786,0.4666220014779662,0.11839527698289723,1.5531581036636017
40,50,16,500,0.31632029255550986,0.2904029564126326,0.07130927580900345,1.0787587487569095
50,60,16,500,0.20804212633397468,0.18577275345924488,0.046087306311183476,0.6142458414457063
60,70,16,500,0.14564370459034787,0.12551574056843953,0.03428212229753588,0.4269147953941099
70,80,16,500,0.104163563102529,0.0950363115087011,0.026127821275275336,0.34374207718327704
80,90,16,500,0.08633299069500414,0.07975698946805107,0.02126974066744297,0.2978203086590898
90,100,16,500,0.045169977873505365,0.04322838667134092,0.01934547232232047,0.08516264181937246
